Что	Предмет или склад	Комиссия % · Хранение 1-й литр ₽/сутки	Хранение доп. литр ₽/сутки	Логистика 1-й литр ₽	Логистика доп. литр ₽	Обновлено	Логистика FBS 1-й литр ₽	Логистика FBS доп. литр ₽	Страна склада
FBO	Куртки	37,5				2026-09-28		
FBO Блузки	Блузки	43,5				2026-09-28		
FBO Брюки	Брюки	43,5				2026-09-28		
FBO Брюки спортивные	Брюки спортивные	43,5				2026-09-28		
FBO Джемперы	Джемперы	43,5				2026-09-28		
FBO Кардиганы	Кардиганы	41,5				2026-09-28		
FBO Костюмы	Костюмы	43,5				2026-09-28		
FBO Куртки	Куртки	37,5				2026-09-28		
FBO Лонгсливы	Лонгсливы	43,5				2026-09-28		
FBO Ночные сорочки	Ночные сорочки	43,5				2026-09-28		
FBO Пижамы	Пижамы	43,5				2026-09-28		
FBO Платья	Платья	43,5				2026-09-28		
FBO Рубашки	Рубашки	43,5				2026-09-28		
FBO Свитеры	Свитеры	37,5				2026-09-28		
FBO Свитшоты	Свитшоты	43,5				2026-09-28		
FBO Толстовки	Толстовки	40,5				2026-09-28		
FBO Топы	Топы	43,5				2026-09-28		
FBO Топы спортивные	Топы спортивные	43,5				2026-09-28		
FBO Худи	Худи	39,5				2026-09-28		
FBS	Куртки	42				2026-09-28		
FBS Блузки	Блузки	48				2026-09-28		
FBS Брюки	Брюки	48				2026-09-28		
FBS Брюки спортивные	Брюки спортивные	48				2026-09-28		
FBS Джемперы	Джемперы	48				2026-09-28		
FBS Кардиганы	Кардиганы	46				2026-09-28		
FBS Костюмы	Костюмы	48				2026-09-28		
FBS Куртки	Куртки	42				2026-09-28		
FBS Лонгсливы	Лонгсливы	48				2026-09-28		
FBS Ночные сорочки	Ночные сорочки	48				2026-09-28		
FBS Пижамы	Пижамы	48				2026-09-28		
FBS Платья	Платья	48				2026-09-28		
FBS Рубашки	Рубашки	48				2026-09-28		
FBS Свитеры	Свитеры	42				2026-09-28		
FBS Свитшоты	Свитшоты	48				2026-09-28		
FBS Толстовки	Толстовки	45				2026-09-28		
FBS Топы	Топы	48				2026-09-28		
FBS Топы спортивные	Топы спортивные	48				2026-09-28		
FBS Худи	Худи	44				2026-09-28		
Склад	SC Tbilisi 2 Bond	0	0	59,8	18,2	2026-09-28			СНГ
Склад	Актобе	0,1	0,1	66,7	20,3	2026-09-28			СНГ
Склад	Астана Карагандинское шоссе	0,1	0,1	66,7	20,3	2026-09-28	66,7	20,3	СНГ
Склад	Атакент	0,08	0,08	62,1	18,9	2026-09-28	62,1	18,9	СНГ
Склад	Маркетплейс: Армения СГТ					2026-09-28	46	14	СНГ
Склад	Маркетплейс: Беларусь					2026-09-28	71,3	21,7	СНГ
Склад	Маркетплейс: Беларусь СГТ					2026-09-28	46	14	СНГ
Склад	Маркетплейс: Грузия					2026-09-28	46	14	СНГ
Склад	Маркетплейс: Грузия СГТ					2026-09-28	46	14	СНГ
Склад	Маркетплейс: Казахстан					2026-09-28	66,7	20,3	СНГ
Склад	Маркетплейс: Казахстан СГТ					2026-09-28	46	14	СНГ
Склад	Маркетплейс: Кыргызстан					2026-09-28	71,3	21,7	СНГ
Склад	Маркетплейс: Кыргызстан СГТ					2026-09-28	46	14	СНГ
Склад	Маркетплейс: Узбекистан					2026-09-28	71,3	21,7	СНГ
Склад	СК Великий Камень	0,14	0,14	92	28	2026-09-28			СНГ
Склад	СК Ереван	0,11	0,11	71,3	21,7	2026-09-28			СНГ
Склад	СЦ Ереван	0,11	0,11	71,3	21,7	2026-09-28	71,3	21,7	СНГ
Склад	СЦ Тбилиси 3 Бонд	0	0	59,8	18,2	2026-09-28			СНГ
Склад	Свой склад РФ					2026-09-28	78,2	23,8	Россия
Склад	Свой склад СГТ РФ					2026-09-28	46	14	Россия
Склад	Ташкент	0,07	0,07	46	14	2026-09-28	46	14	СНГ
Склад	Ташкент 2	0,07	0,07	46	14	2026-09-28			СНГ
Выкуп	Блузки-Рубашки	36,8	33,2			2026-09-28		
Выкуп	Брюки	31,6	27,9			2026-09-28		
Выкуп	Кардиганы	39,0	36,0			2026-09-28		
Выкуп	Костюмы	33,4	31,3			2026-09-28		
Выкуп	Куртки	30,0	27,0			2026-09-28		
Выкуп	Лонгсливы	43,1	40,2			2026-09-28		
Выкуп	Ночные сорочки	53,4	52,8			2026-09-28		
Выкуп	Пижамы	53,4	52,8			2026-09-28		
Выкуп	Платья	24,0	20,0			2026-09-28		
Выкуп	Свитеры	39,6	36,8			2026-09-28		
Выкуп	Свитшоты	39,0	36,2			2026-09-28		
Выкуп	Толстовки	39,0	36,2			2026-09-28		
Выкуп	Топы	45,6	43,5			2026-09-28		
Выкуп	Худи	38,0	35,0			2026-09-28		
